Region,LAWASiteID,LAWAWellName,Latitude,Longitude,Chloride,Dissolved reactive phosphorus,E. coli,Electrical conductivity,Nitrate nitrogen
Canterbury,ECAN-00207,H38/0230,-44.27233931,170.1433197,1.0620689655172415,0.0033130434782608696,1.0,6.34,0.5317241379310345
Canterbury,ECAN-00247,L37/0693,-43.96367401,172.0109404,12.587096774193547,0.005713333333333333,1.0,20.861290322580647,5.606451612903226
Canterbury,ECAN-00268,M36/5895,-43.54828637,172.7481311,4.708571428571429,0.011758333333333334,1.0,13.588571428571429,0.13242857142857142
Canterbury,ECAN-00269,M36/5893,-43.54800703,172.7479838,44.21052631578947,0.2676923076923077,1.0,37.91578947368421,0.07210526315789474
Canterbury,ECAN-00270,M36/5894,-43.5481512,172.7480574,4.534285714285714,0.016833333333333336,1.0,14.808571428571428,0.06391428571428572
Canterbury,ECAN-00297,BZ16/0073,-44.32371477,170.3192591,2.823076923076923,0.031270270270270274,1.0,22.376923076923077,0.9789743589743589
Canterbury,LAWA-102044,BV24/0023,-42.84400781,172.7923208,6.9944444444444445,0.0127,69.97222222222223,15.757142857142856,3.565087719298246
Canterbury,LAWA-102045,BV24/0024,-42.84362294,172.7926301,2.225,0.009277777777777779,1.0,11.19375,0.204375
Canterbury,LAWA-102047,BW24/0037,-43.33910545,172.7061305,63.92857142857143,0.047,1.0,47.02619047619047,0.04371428571428572
Canterbury,LAWA-102051,BZ16/0072,-44.29997177,170.1949447,0.8697674418604651,0.007484615384615385,1.0,6.246511627906977,0.3686046511627907
Canterbury,LAWA-102059,K38/1706,-44.19195204,171.4913615,4.0,0.01727,1.0,12.243478260869566,0.1512608695652174
Canterbury,LAWA-102060,K38/1821,-44.19194288,171.4913492,18.07179487179487,0.030100000000000002,33.8,27.105128205128203,7.42051282051282
Canterbury,LAWA-102067,L37/0867,-43.96368301,172.0109402,27.05762711864407,0.005371428571428571,2.2444444444444445,30.1135593220339,9.710169491525424
Canterbury,LAWA-102078,BU24/0002,-42.532484,172.769094,2.9227272727272724,0.015290000000000002,6.909090909090909,8.170454545454545,4.1045454545454545
Canterbury,LAWA-102079,BV24/0028,-42.9472571,172.8351149,35.75,0.305,1.0,55.846428571428575,0.07210714285714286
Canterbury,LAWA-102080,BV24/0069,-42.96015787,172.5726392,67.66666666666667,0.7333333333333334,97.04166666666667,74.61666666666666,0.04170833333333334
Canterbury,LAWA-102081,BX21/0017,-43.55888685,171.9207373,13.416666666666666,0.010371428571428571,1.0,25.422222222222224,13.205555555555556
Canterbury,LAWA-102082,BX22/0044,-43.64964377,172.1281493,9.057894736842105,0.0076,55.833333333333336,19.847368421052632,5.3999999999999995
Canterbury,LAWA-102083,BY20/0148,-44.01783329,171.4358022,11.272972972972974,0.003622222222222222,1.054054054054054,32.108108108108105,13.656756756756756
Canterbury,LAWA-102084,BY21/0228,-44.04581938,171.6853758,24.65,0.0026666666666666666,1.0,33.449999999999996,2.6340909090909093
Canterbury,LAWA-102085,BZ15/5017,-44.33684324,169.9581196,1.8,0.003055263157894737,1.0,7.852500000000001,1.345
Canterbury,LAWA-102086,BZ15/5018,-44.33671744,170.0257319,1.3829268292682928,0.0031230769230769233,1.0,7.914634146341464,0.3204878048780488
Canterbury,LAWA-102087,BZ15/5019,-44.19510261,170.1030677,0.5435897435897435,0.002637837837837838,1.0,2.4923076923076923,0.05325641025641026
Canterbury,LAWA-102088,CA15/5005,-44.45351331,169.9568483,0.9873170731707318,0.00838421052631579,1.236842105263158,5.648780487804878,0.531219512195122
Canterbury,LAWA-102089,CA15/5006,-44.41394052,169.9902742,1.9714285714285713,0.0050538461538461536,1.0256410256410255,11.07857142857143,1.707857142857143
Canterbury,LAWA-102090,CA15/5007,-44.38434093,169.9986848,1.9777777777777779,0.003993939393939394,1.9705882352941178,11.375,2.9755555555555557
Canterbury,LAWA-102091,CA15/5008,-44.49771429,169.9109353,1.8846153846153846,0.002725,1.0,10.51025641025641,1.213846153846154
Canterbury,LAWA-102092,CA15/5009,-44.39420869,169.8810295,1.16,0.009294594594594594,1.0,4.657500000000001,0.41875
Canterbury,LAWA-102093,CA17/0007,-44.6978233,170.5031378,18.452,0.029375,18.4,27.151999999999997,0.904
Canterbury,LAWA-102094,CA17/0008,-44.66498865,170.5807432,2.910344827586207,0.008533333333333334,2.3448275862068964,11.493103448275862,0.7296551724137931
Canterbury,LAWA-102095,CA18/0019,-44.56384781,171.0096091,52.47826086956522,0.019385714285714284,1.9130434782608696,40.13478260869565,0.10513043478260871
Canterbury,LAWA-102096,CA18/0020,-44.52898855,171.0330344,24.208333333333332,0.02697142857142857,1.0,38.525,1.8241666666666667
Canterbury,LAWA-102097,H38/0004,-44.23540685,170.069174,0.5604651162790698,0.005638461538461538,1.0,2.625581395348837,0.17420930232558138
Canterbury,LAWA-102098,H38/0229,-44.31005177,170.0591323,3.196296296296296,0.003025862068965517,1.0,13.5,2.3176811594202897
Canterbury,LAWA-102099,H39/0148,-44.52253454,169.8469597,1.1962264150943396,0.0027155555555555557,1.0,6.633333333333333,0.5554150943396227
Canterbury,LAWA-102100,I38/0084,-44.15385071,170.3794681,1.09,0.0027590909090909094,1.0,5.9941176470588236,0.20498000000000002
Canterbury,LAWA-102101,I38/0092,-44.29530531,170.3022684,0.8025641025641026,0.0027289473684210526,1.9473684210526316,5.135897435897436,0.16428205128205128
Canterbury,LAWA-102102,I38/0103,-44.26936542,170.2398894,2.006666666666667,0.00862,1.0,11.206666666666667,0.6742222222222222
Canterbury,LAWA-102103,J37/0012,-43.98396384,171.245919,8.773239436619718,0.004136363636363636,30.771428571428572,15.533333333333335,4.41125
Canterbury,LAWA-102104,J37/0013,-44.0366654,170.7921335,6.442553191489362,0.0017000000000000001,2.4444444444444446,17.895744680851063,9.98723404255319
Canterbury,LAWA-102105,J37/0045,-44.03374042,171.2047519,7.025925925925925,0.008288888888888889,44.38461538461539,13.296296296296296,4.311111111111111
Canterbury,LAWA-102106,J37/0073,-43.95712632,170.8327926,8.27375,0.007421428571428571,1.0,21.99625,13.80625
Canterbury,LAWA-102107,J37/0087,-44.04343422,170.8047789,4.222784810126582,0.01879166666666667,1.1818181818181819,14.132499999999999,5.5600000000000005
Canterbury,LAWA-102108,J38/0004,-44.11235128,171.2182703,5.734615384615385,0.006425,8.73076923076923,11.692307692307692,1.3953846153846154
Canterbury,LAWA-102109,J38/0068,-44.30361109,171.2084037,16.648837209302325,0.0308,2.3255813953488373,23.790697674418606,8.011627906976743
Canterbury,LAWA-102110,J38/0169,-44.28537698,171.1865914,18.725806451612904,0.027642857142857143,41.74193548387097,24.099999999999998,6.638709677419355
Canterbury,LAWA-102112,J39/0111,-44.49907053,171.0033094,5.113513513513513,0.0056,17.54054054054054,10.64864864864865,0.4221351351351351
Canterbury,LAWA-102113,J39/0135,-44.48370562,171.2024738,12.366666666666667,0.014983333333333335,7.0476190476190474,21.04597701149425,1.6535632183908047
Canterbury,LAWA-102114,J40/0097,-44.81938459,171.1603386,10.5,0.003911111111111112,1.3157894736842106,21.392307692307693,5.069230769230769
Canterbury,LAWA-102116,J40/0217,-44.77393187,171.1145438,12.442682926829267,0.00780909090909091,3.7066666666666666,23.02307692307692,2.6079268292682927
Canterbury,LAWA-102117,J40/0256,-44.74551965,171.0666285,14.624444444444444,0.0735,57.16393442622951,16.392452830188677,2.3793548387096775
Canterbury,LAWA-102118,J40/0286,-44.74323933,171.1403815,21.791304347826088,0.028454545454545455,1.8695652173913044,21.354347826086954,4.4739130434782615
Canterbury,LAWA-102119,J40/0333,-44.66918669,171.0911837,27.781521739130437,0.018846153846153846,36.31460674157304,27.030434782608697,11.942391304347826
Canterbury,LAWA-102120,J40/0469,-44.78111312,171.0864859,9.95897435897436,0.010355555555555555,2.710526315789474,21.25128205128205,2.098974358974359
Canterbury,LAWA-102121,J40/0816,-44.70182222,171.0602522,75.14285714285714,0.05825,8.692307692307692,44.964285714285715,4.813214285714286
Canterbury,LAWA-102122,J40/1024,-44.78673509,171.1582422,94.8157894736842,0.0067875,1.0810810810810811,70.31052631578947,1.778421052631579
Canterbury,LAWA-102123,J40/1056,-44.65789366,171.1057342,61.17857142857143,0.03422222222222222,1.0,39.114285714285714,7.178571428571429
Canterbury,LAWA-102124,J40/1106,-44.81085332,171.0848606,155.12121212121212,0.0344,1.0,108.56363636363636,2.242424242424242
Canterbury,LAWA-102125,J40/1110,-44.6151777,171.0862179,20.43777777777778,0.014266666666666665,1.0,21.76222222222222,7.115555555555555
Canterbury,LAWA-102126,J41/0018,-44.91650346,171.102999,9.9025,0.02093333333333333,22.266666666666666,19.18125,4.1
Canterbury,LAWA-102127,K36/0033,-43.694537,171.4913147,7.175949367088608,0.007841666666666667,11.272727272727273,19.03448275862069,7.779425287356321
Canterbury,LAWA-102128,K36/0118,-43.78509688,171.4086232,8.570588235294117,0.009463636363636363,2.5510204081632653,15.849019607843136,5.32156862745098
Canterbury,LAWA-102129,K36/0172,-43.6346681,171.4788474,4.045,0.005730000000000001,1.175,9.34,4.1295
Canterbury,LAWA-102130,K36/0210,-43.68237852,171.6021784,6.9475,0.0033181818181818178,1.55,24.5075,13.040000000000001
Canterbury,LAWA-102131,K36/0244,-43.64671962,171.4350176,3.3378378378378377,0.020155555555555555,1.8918918918918919,11.31081081081081,0.04510810810810811
Canterbury,LAWA-102132,K37/0083,-43.91731827,171.3854978,8.59753086419753,0.0034153846153846157,1.028169014084507,30.76521739130435,11.098765432098766
Canterbury,LAWA-102133,K37/0147,-43.92611203,171.709442,17.131818181818183,0.002788888888888889,20.546875,32.35606060606061,12.337878787878788
Canterbury,LAWA-102134,K37/0216,-43.88546103,171.5095736,9.313157894736841,0.00789090909090909,11.493333333333334,19.076315789473682,8.014473684210527
Canterbury,LAWA-102135,K37/0234,-44.03982278,171.4422281,6.897468354430379,0.0023545454545454546,1.0434782608695652,25.562686567164178,9.791139240506329
Canterbury,LAWA-102138,K37/0468,-43.96945268,171.6726343,13.973584905660378,0.0032624999999999998,1.0377358490566038,26.88490566037736,12.862264150943398
Canterbury,LAWA-102139,K37/0833,-43.81206938,171.6071269,8.195945945945946,0.0036545454545454546,11.04109589041096,21.716216216216218,8.598648648648648
Canterbury,LAWA-102140,K38/0144,-44.11368616,171.3819427,8.2953216374269,0.003772727272727273,1.1616766467065869,18.218128654970762,6.691345029239766
Canterbury,LAWA-102141,K38/0148,-44.08502196,171.392154,5.147887323943662,0.005083333333333333,1.5,13.914084507042253,2.884788732394366
Canterbury,LAWA-102142,K38/0240,-44.23993262,171.3445869,5.801449275362319,0.005583333333333333,2.208955223880597,14.812857142857144,3.656376811594203
Canterbury,LAWA-102143,K38/0404,-44.1729478,171.3743835,11.568055555555555,0.004927272727272727,3.4927536231884058,23.652054794520545,9.981944444444444
Canterbury,LAWA-102144,K38/0412,-44.11478377,171.5697711,11.964634146341464,0.007175,155.33333333333334,24.96,9.928048780487805
Canterbury,LAWA-102145,K38/1017,-44.14624408,171.4270109,10.391891891891891,0.006366666666666666,1.75,21.35333333333333,7.404054054054054
Canterbury,LAWA-102146,K38/2200,-44.1315472,171.6115912,35.916666666666664,0.014461538461538461,257.6190476190476,35.09375,9.489583333333334
Canterbury,LAWA-102147,K38/2210,-44.29906355,171.2520952,14.012962962962963,0.007881818181818183,11.77639751552795,24.596913580246913,7.84753086419753
Canterbury,LAWA-102148,K39/0033,-44.35539351,171.248272,16.141509433962263,0.0119,12.981132075471699,26.346551724137928,10.690625
Canterbury,LAWA-102149,L35/0009,-43.51509769,172.1620931,18.349999999999998,0.0018800000000000002,2.3333333333333335,27.06764705882353,10.273529411764706
Canterbury,LAWA-102150,L35/0086,-43.43817109,172.2358855,6.862745098039215,0.0030785714285714283,1.1041666666666667,18.684313725490195,6.454901960784314
Canterbury,LAWA-102151,L35/0596,-43.41981189,172.0510841,7.0632653061224495,0.005373333333333333,1.0444444444444445,15.685714285714287,5.812244897959184
Canterbury,LAWA-102152,L35/1195,-43.2980487,172.0516586,5.023076923076923,0.00993,1.0512820512820513,14.51025641025641,0.6794871794871795
Canterbury,LAWA-102154,L36/0200,-43.73027948,172.154147,17.237662337662336,0.0032909090909090913,1.0,33.19610389610389,11.96883116883117
Canterbury,LAWA-102155,L36/0224,-43.72795307,172.2391041,16.43421052631579,0.004545454545454546,3.8378378378378377,28.355263157894736,9.873684210526315
Canterbury,LAWA-102156,L36/0477,-43.72938648,172.0695415,6.806521739130435,0.002190909090909091,1.1111111111111112,20.17391304347826,4.828260869565217
Canterbury,LAWA-102157,L36/0725,-43.6725209,172.1844147,7.4363636363636365,0.0063166666666666675,1.1521739130434783,17.581818181818182,4.259090909090909
Canterbury,LAWA-102158,L36/2414,-43.69400432,171.7980202,10.106666666666666,0.010142857142857143,1.0,20.223333333333336,7.833333333333333
Canterbury,LAWA-102159,L37/0130,-43.98789993,171.8418956,11.918421052631578,0.003477777777777778,2.4473684210526314,26.028947368421054,7.507894736842106
Canterbury,LAWA-102160,L37/0297,-43.96704477,171.9126952,43.59183673469388,0.0018909090909090909,4.023255813953488,52.557142857142864,21.255102040816325
Canterbury,LAWA-102162,L37/0439,-43.90277738,171.7797816,8.988636363636363,0.01026,82.73809523809524,18.400000000000002,6.367727272727273
Canterbury,LAWA-102163,L37/0914,-43.88854104,171.7784503,9.234545454545454,0.005584615384615384,2.2083333333333335,21.738775510204082,7.764814814814815
Canterbury,LAWA-102164,M33/0214,-42.8467391,172.6079108,6.719607843137255,0.005973333333333333,1.0,19.988235294117647,4.701764705882352
Canterbury,LAWA-102165,M34/0353,-43.09284761,172.6908415,12.925999999999998,0.02675,15.34,22.906,5.7856
Canterbury,LAWA-102166,M34/0571,-43.24301481,172.5015125,20.697468354430377,0.02004375,25.243589743589745,18.39746835443038,3.6016455696202527
Canterbury,LAWA-102167,M34/0688,-43.08166832,172.7080424,13.039130434782608,0.012136363636363638,1.0,18.169565217391302,4.408478260869565
Canterbury,LAWA-102168,M34/5557,-43.2334709,172.3866403,9.806896551724137,0.011449999999999998,3.576923076923077,16.90344827586207,8.175862068965516
Canterbury,LAWA-102169,M35/0132,-43.35695036,172.453134,6.872489082969432,0.007666666666666666,18.0,15.433043478260869,4.022270742358079
Canterbury,LAWA-102170,M35/1051,-43.52824873,172.4892512,13.238947368421053,0.0024692307692307696,1.0,25.565263157894734,6.538105263157894
Canterbury,LAWA-102171,M35/10632,-43.44203549,172.6296247,7.453571428571428,0.00931111111111111,1.0,13.757142857142856,2.1389285714285715
Canterbury,LAWA-102172,M35/1864,-43.54522416,172.524895,4.548148148148148,0.018845454545454544,1.0,11.38888888888889,1.1714814814814813
Canterbury,LAWA-102173,M35/5119,-43.5026008,172.4376538,7.309803921568627,0.003123529411764706,1.4375,16.637254901960784,3.030980392156863
Canterbury,LAWA-102174,M35/5509,-43.52356729,172.3583898,7.854347826086957,0.0025727272727272725,1.0,15.930434782608694,3.84304347826087
Canterbury,LAWA-102175,M35/5869,-43.31928715,172.3577651,8.364583333333334,0.006653846153846154,18.48,20.420833333333334,8.40625
Canterbury,LAWA-102176,M35/5918,-43.52024073,172.392771,5.386842105263158,0.0021999999999999997,2.211267605633803,14.212499999999999,2.6452631578947368
Canterbury,LAWA-102177,M35/6295,-43.31032794,172.4357157,15.856521739130434,0.027545454545454543,3.5588235294117645,22.08695652173913,9.482608695652173
Canterbury,LAWA-102178,M35/6946,-43.46426395,172.4330442,1.506451612903226,0.0027090909090909093,1.0,7.696774193548387,0.12312903225806453
Canterbury,LAWA-102179,M35/7281,-43.52094982,172.5933119,7.84375,0.0027444444444444443,1.0,17.078125,2.15875
Canterbury,LAWA-102180,M35/8567,-43.31168263,172.3859634,12.414893617021276,0.024118181818181816,8.652173913043478,21.878723404255318,8.629787234042555
Canterbury,LAWA-102181,M35/9064,-43.51224518,172.5037068,6.078947368421052,0.003023076923076923,1.0,14.663157894736843,2.060263157894737
Canterbury,LAWA-102183,M36/2285,-43.62376477,172.4535226,20.239473684210527,0.005364285714285715,1.0,25.919736842105266,5.564473684210526
Canterbury,LAWA-102184,M36/4126,-43.55286358,172.370472,13.099484536082475,0.0023846153846153848,1.0105263157894737,20.606185567010307,6.601538461538461
Canterbury,LAWA-102185,M36/4227,-43.58963158,172.509169,20.43913043478261,0.002558333333333333,2.104651162790698,27.705681818181816,8.565217391304348
Canterbury,LAWA-102186,N32/0088,-42.5412626,172.8336442,1.872093023255814,1.3045454545454545,1.0,10.220930232558139,0.046953488372093025
Canterbury,LAWA-102187,N32/0140,-42.69608898,172.9469237,11.781632653061223,0.005736363636363637,1.7291666666666667,28.967346938775513,6.591836734693878
Canterbury,LAWA-102188,N32/0204,-42.55457074,172.8078525,3.926829268292683,0.0114,3.7560975609756095,11.36829268292683,1.4067317073170733
Canterbury,LAWA-102189,N32/0492,-42.64143049,172.9782074,5.132000000000001,0.005466666666666667,1.0,19.564,4.632
Canterbury,LAWA-102190,N33/0064,-43.00398552,172.8716161,64.0,0.023181818181818182,1.1395348837209303,59.29302325581395,1.6909090909090911
Canterbury,LAWA-102191,N33/0206,-42.75606033,172.8213918,10.53918918918919,0.013836363636363636,8.547945205479452,35.9,18.54794520547945
Canterbury,LAWA-102192,N33/0212,-42.77538855,172.8514675,14.585416666666667,0.039,8.108695652173912,26.118750000000002,5.385416666666667
Canterbury,LAWA-102193,N33/0219,-42.77033785,172.7683062,8.208,0.009591666666666667,1.0,21.748,8.318
Canterbury,LAWA-102194,N33/0249,-42.73891305,173.2322747,21.19473684210526,0.010066666666666666,10.355263157894736,42.66842105263158,1.3555263157894737
Canterbury,LAWA-102195,O31/0280,-42.41968863,173.6152671,11.854794520547944,0.005427272727272728,2.3661971830985915,28.724999999999998,3.558219178082192
Canterbury,LAWA-102461,BT27/5037,-42.38940055,173.6764713,5.941666666666666,1.38,1.0,36.4,0.04116666666666667
Canterbury,LAWA-102462,BW24/0038,-43.33933093,172.7061557,9.156,0.0758888888888889,1.0,23.392,0.047400000000000005
Canterbury,LAWA-102463,BW24/0039,-43.33983457,172.7061393,6.3839999999999995,0.06433333333333333,1.0,21.484,0.07108
Canterbury,LAWA-102464,BW24/0051,-43.21191564,172.7533662,51.125,0.039125,1.0,44.33125,0.0428125
Canterbury,LAWA-102465,BW24/0274,-43.41648191,172.6535018,5.955555555555556,0.012714285714285714,1.0,25.82,1.1233333333333333
Canterbury,LAWA-102466,BX22/0041,-43.59468375,172.0161932,10.225,0.00315,1.0,20.35,5.075
Canterbury,LAWA-102467,BX23/0270,-43.47662276,172.4861733,3.1399999999999997,0.00273,1.2222222222222223,10.370000000000001,0.3543
Canterbury,LAWA-102468,BX23/0761,-43.46194034,172.4344025,1.1428571428571428,0.0018285714285714283,1.0,7.428571428571429,0.11471428571428573
Canterbury,LAWA-102469,BX23/0762,-43.46193261,172.4344956,1.2428571428571427,0.0088,1.0,8.242857142857144,0.11285714285714286
Canterbury,LAWA-102470,BX23/0763,-43.46192388,172.4345886,0.9833333333333334,0.0082,1.0,7.316666666666666,0.1105
Canterbury,LAWA-102471,BX23/0768,-43.48149502,172.3849553,4.566666666666667,0.0015000000000000002,1.0,11.516666666666666,0.628
Canterbury,LAWA-102472,BX23/0769,-43.48156364,172.3849231,4.533333333333333,0.0013333333333333333,1.0,11.450000000000001,0.9716666666666667
Canterbury,LAWA-102473,BX23/0770,-43.48155868,172.3850055,2.7199999999999998,0.00246,1.0,11.120000000000001,0.6
Canterbury,LAWA-102474,BX23/0771,-43.44725428,172.413548,2.5833333333333335,0.0012833333333333334,1.0,8.799999999999999,0.23216666666666666
Canterbury,LAWA-102475,BX23/0772,-43.44717731,172.4136911,2.0833333333333335,0.0025666666666666667,1.0,10.566666666666666,0.1945
Canterbury,LAWA-102476,BX23/0773,-43.44710229,172.4138301,9.257142857142856,0.007928571428571427,1.0,10.957142857142857,1.3342857142857143
Canterbury,LAWA-102477,BX23/0854,-43.63887027,172.365166,15.85,0.003175,1.0,21.75,9.175
Canterbury,LAWA-102478,BX24/0347,-43.55118782,172.6464715,16.518181818181816,0.003427272727272727,1.0,34.699999999999996,4.5636363636363635
Canterbury,LAWA-102479,BY22/0031,-43.80164458,172.2426856,11.904000000000002,0.002585714285714286,1.0,28.823809523809523,7.484
Canterbury,LAWA-102480,BY22/0045,-43.84037579,172.223462,2.585714285714286,0.001542857142857143,1.0,10.37142857142857,0.9542857142857143
Canterbury,LAWA-102481,BY22/0067,-43.87744083,172.0855263,24.06875,0.0024749999999999998,1.0,33.523529411764706,13.952941176470588
Canterbury,LAWA-102482,K36/0088,-43.60691281,171.5613603,3.6526315789473687,0.004309090909090909,16.42105263157895,14.857894736842105,4.347368421052631
Canterbury,LAWA-102483,K36/0104,-43.70139779,171.6395726,5.261904761904762,0.0019666666666666665,4.6,18.776190476190475,8.257142857142858
Canterbury,LAWA-102484,K36/0119,-43.73577125,171.5992583,2.0714285714285716,0.004316666666666667,1.0,9.766666666666666,1.5071428571428571
Canterbury,LAWA-102485,K36/0489,-43.7518332,171.7122062,4.88,0.00567,1.0,19.11,7.456666666666666
Canterbury,LAWA-102486,K36/0684,-43.58079407,171.6221383,5.08125,0.006719999999999999,3.75,12.95625,4.98125
Canterbury,LAWA-102487,K36/0687,-43.66997441,171.7477867,4.506666666666666,0.00441,1.0,20.28666666666667,5.826666666666667
Canterbury,LAWA-102488,K36/1073,-43.71470437,171.7493826,3.4875,0.016855555555555554,1.0,16.46875,2.84375
Canterbury,LAWA-102489,K36/1074,-43.62982194,171.7326646,5.294444444444444,0.004127272727272728,1.0,22.183333333333334,8.11111111111111
Canterbury,LAWA-102490,L35/0171,-43.49032219,172.0408225,6.265,0.0022833333333333334,1.0,12.584999999999999,2.8155
Canterbury,LAWA-102491,L35/0190,-43.48794996,172.1746938,10.405263157894737,0.0057,1.0,21.821052631578947,9.578947368421053
Canterbury,LAWA-102492,L35/0191,-43.49481401,172.2117051,7.05,0.009341666666666667,1.0,14.675,4.26
Canterbury,LAWA-102493,L35/0194,-43.4556965,172.2039324,2.2772727272727273,0.002558333333333333,1.0,9.272727272727273,0.2650454545454546
Canterbury,LAWA-102494,L35/0205,-43.52348348,172.0151127,9.2,0.0029769230769230767,1.3673469387755102,18.002,5.442
Canterbury,LAWA-102495,L35/0349,-43.30996317,172.2230685,4.7318181818181815,0.005416666666666667,1.0,10.854545454545455,1.1454545454545455
Canterbury,LAWA-102496,L35/0558,-43.33570407,171.9290773,4.464705882352941,0.0021,1.4705882352941178,13.805882352941175,2.5094117647058822
Canterbury,LAWA-102497,L35/0850,-43.33457042,172.1829287,5.066666666666666,0.008527272727272727,1.0,16.466666666666665,2.0786666666666664
Canterbury,LAWA-102498,L35/0878,-43.51487192,171.8039219,6.8842105263157904,0.021844444444444444,1.0,16.76842105263158,0.14026315789473684
Canterbury,LAWA-102499,L35/0910,-43.51974105,172.1459856,6.757142857142857,0.008071428571428571,1.0833333333333333,13.571428571428571,4.164285714285714
Canterbury,LAWA-102500,L36/0089,-43.56353732,172.210854,11.7675,0.00216,1.0526315789473684,17.942500000000003,8.1975
Canterbury,LAWA-102501,L36/0121,-43.71466514,172.106624,17.389473684210525,0.005241666666666666,1.1111111111111112,28.068421052631578,11.226315789473684
Canterbury,LAWA-102502,L36/0319,-43.66034097,172.0846084,10.41,0.0041818181818181815,1.6,18.91,5.42
Canterbury,LAWA-102503,L36/0322,-43.61623698,172.2481189,12.677777777777777,0.0033,2.9444444444444446,21.105555555555554,8.983333333333333
Canterbury,LAWA-102504,L36/0323,-43.71973559,172.0140135,1.4,0.006890909090909092,25.25,7.340000000000001,0.25695
Canterbury,LAWA-102505,L36/0393,-43.64697371,171.8713963,3.0736842105263156,0.0156375,303.10526315789474,10.742105263157894,2.0726315789473686
Canterbury,LAWA-102506,L36/0527,-43.78575577,172.1545923,3.5681818181818183,0.002925,6.363636363636363,10.85,1.6045454545454545
Canterbury,LAWA-102507,L36/0584,-43.56516589,172.0641655,12.388235294117646,0.004426666666666666,1.0,22.607843137254903,10.996078431372547
Canterbury,LAWA-102508,L36/0925,-43.70824823,171.8677006,11.63529411764706,0.00558,1.0,21.694117647058825,7.164705882352941
Canterbury,LAWA-102509,L36/0933,-43.80532001,171.8666709,13.205263157894738,0.008223076923076923,1.0,20.789473684210527,8.968421052631578
Canterbury,LAWA-102510,L36/0948,-43.79758569,171.7866702,7.158695652173913,0.0051875,1.0,22.26521739130435,5.3326086956521745
Canterbury,LAWA-102511,L36/1131,-43.6336249,171.9584492,7.942105263157895,0.008255555555555556,1.0526315789473684,14.531578947368422,4.673684210526315
Canterbury,LAWA-102512,L36/1242,-43.73538548,171.9200307,17.284000000000002,0.0035875,1.0208333333333333,30.394000000000002,12.655999999999999
Canterbury,LAWA-102513,L36/1309,-43.74851187,171.7938729,7.561538461538461,0.0071428571428571435,1.0,26.392307692307693,7.269230769230769
Canterbury,LAWA-102514,L36/1313,-43.63417428,171.8937817,4.171428571428571,0.0044083333333333335,115.23809523809524,12.847619047619048,2.8476190476190473
Canterbury,LAWA-102515,L36/1543,-43.58553049,172.1665097,11.673913043478262,0.003416666666666667,1.0,20.90434782608696,8.356521739130434
Canterbury,LAWA-102516,L36/2094,-43.56529516,172.1891928,8.829411764705881,0.0027363636363636366,1.0,16.329411764705885,6.264705882352941
Canterbury,LAWA-102517,L36/2122,-43.63975112,172.0280769,8.093333333333334,0.004083333333333334,1.0,15.093333333333334,4.56
Canterbury,LAWA-102518,L37/0020,-43.92942398,171.9542084,14.027777777777779,0.0077909090909090905,2.26,20.88888888888889,8.824074074074074
Canterbury,LAWA-102519,L37/0197,-43.91313351,171.8407222,17.69,0.0027083333333333334,1.0,30.522727272727273,9.783333333333333
Canterbury,LAWA-102520,L37/0254,-43.8607142,171.9809572,16.142105263157895,0.006536363636363637,1.0,23.642105263157895,10.552631578947368
Canterbury,LAWA-102521,L37/0309,-43.95823831,171.8980002,33.94827586206897,0.0021666666666666666,1.490566037735849,42.58965517241379,15.958620689655174
Canterbury,LAWA-102522,L37/0349,-43.87029877,171.9435815,21.07358490566038,0.004707692307692308,1.0,26.943396226415093,13.80566037735849
Canterbury,LAWA-102523,L37/0403,-43.88176082,171.769751,5.7700000000000005,0.003241666666666667,1.0,21.869999999999997,7.065
Canterbury,LAWA-102524,L37/0556,-43.81771836,172.068921,7.623529411764705,0.002725,1.6470588235294117,25.470588235294116,7.0058823529411764
Canterbury,LAWA-102525,L37/0685,-43.85575369,171.7704408,5.308,0.0052545454545454544,3.744186046511628,16.89,6.18
Canterbury,LAWA-102527,L37/1438,-43.90280516,171.7798557,5.372000000000001,0.0030416666666666665,1.0816326530612246,20.452,6.2620000000000005
Canterbury,LAWA-102528,L37/1713,-43.9636215,172.0111157,5.5024,0.006035294117647059,1.0,17.788,0.4808
Canterbury,LAWA-102529,M33/0203,-42.87545757,172.6771484,8.096,0.005188235294117647,1.0,20.488000000000003,3.5839999999999996
Canterbury,LAWA-102530,M34/0192,-43.26647344,172.705793,3.4863636363636363,0.0033416666666666664,1.0,9.6,0.26636363636363636
Canterbury,LAWA-102531,M34/0560,-43.16463543,172.7526972,35.45454545454545,0.10823076923076923,1.0,31.354545454545452,0.24454545454545454
Canterbury,LAWA-102532,M34/0758,-43.13063892,172.7228241,23.244444444444444,0.3318181818181818,1.1111111111111112,46.50888888888889,0.2663111111111111
Canterbury,LAWA-102533,M35/0217,-43.29715479,172.5869789,4.576190476190476,0.004508333333333334,7.619047619047619,9.614285714285714,0.6114285714285714
Canterbury,LAWA-102534,M35/0474,-43.28377536,172.7096667,3.860869565217391,0.008269230769230768,1.0,11.52608695652174,0.41608695652173916
Canterbury,LAWA-102535,M35/0698,-43.39399356,172.5958854,9.153846153846153,0.006325,1.0,17.21076923076923,4.384615384615385
Canterbury,LAWA-102536,M35/0834,-43.38249604,172.6497446,6.414285714285714,0.012183333333333332,1.0,16.6,1.4257142857142857
Canterbury,LAWA-102537,M35/0925,-43.47963336,172.2867002,2.2045454545454546,0.003575,1.0,9.963636363636363,0.6563636363636364
Canterbury,LAWA-102538,M35/10179,-43.37306114,172.5387386,8.4875,0.006925,1.0,18.925,4.3125
Canterbury,LAWA-102539,M35/11059,-43.49737273,172.3840749,6.221052631578948,0.0023833333333333332,1.0,15.605263157894736,2.501578947368421
Canterbury,LAWA-102540,M35/11936,-43.40294848,172.3189118,7.531578947368421,0.0026928571428571427,1.0,16.0,4.636842105263158
Canterbury,LAWA-102541,M35/11975,-43.44400083,172.6551491,7.027272727272727,0.01183,1.0,12.845454545454546,1.0036363636363637
Canterbury,LAWA-102542,M35/1382,-43.48904805,172.542393,3.6064102564102565,0.003,1.0,11.877777777777778,0.5721794871794872
Canterbury,LAWA-102543,M35/1860,-43.53793421,172.5566874,3.7,0.017907142857142854,1.0,10.280952380952382,0.5504761904761905
Canterbury,LAWA-102544,M35/18612,-43.54687006,172.6328973,14.614285714285714,0.003942857142857143,1.0,32.04285714285714,4.757142857142857
Canterbury,LAWA-102546,M35/2325,-43.52168639,172.6302288,3.8058823529411767,0.0108,1.0,11.31764705882353,0.22529411764705884
Canterbury,LAWA-102547,M35/2960,-43.49963997,172.7216372,5.7594594594594595,0.01763076923076923,1.0,11.027027027027026,0.18567567567567567
Canterbury,LAWA-102548,M35/2961,-43.49843073,172.7240661,6.3828571428571435,0.04900769230769231,1.0,13.16,0.06802857142857144
Canterbury,LAWA-102549,M35/3755,-43.44655375,172.6437548,5.291304347826087,0.012692307692307694,1.0,10.691304347826087,0.9947826086956522
Canterbury,LAWA-102550,M35/4264,-43.30833935,172.6794709,3.9588235294117644,0.03136666666666667,1.0,14.276470588235293,0.06705882352941177
Canterbury,LAWA-102551,M35/4757,-43.30540161,172.2957517,7.961702127659574,0.011436363636363635,1.127659574468085,16.50212765957447,7.006382978723405
Canterbury,LAWA-102552,M35/4795,-43.36224265,172.5754012,11.977777777777778,0.00594,1.0,21.977777777777778,7.016666666666667
Canterbury,LAWA-102553,M35/4875,-43.47929589,172.557435,2.4538461538461536,0.00265,1.0,10.03076923076923,0.4115384615384615
Canterbury,LAWA-102554,M35/5139,-43.46840816,172.5134751,1.8529411764705883,0.0025636363636363634,1.0,8.700000000000001,0.19705882352941176
Canterbury,LAWA-102555,M35/5251,-43.47426653,172.6236568,2.4318181818181817,0.014207692307692308,1.0,10.409090909090908,0.31136363636363634
Canterbury,LAWA-102556,M35/5440,-43.4062507,172.4821118,8.339583333333334,0.003608333333333333,1.0625,18.872916666666665,6.964583333333334
Canterbury,LAWA-102557,M35/5604,-43.33799512,172.6449452,6.131578947368421,0.0021000000000000003,1.0,14.36315789473684,0.4663684210526316
Canterbury,LAWA-102558,M35/6040,-43.51661204,172.5476899,4.872727272727273,0.0092,1.0,13.194999999999999,0.27045454545454545
Canterbury,LAWA-102559,M35/6385,-43.40080848,172.3256715,6.858,0.0022066666666666667,1.0,16.227999999999998,5.426
Canterbury,LAWA-102560,M35/6639,-43.31896617,172.5007174,9.904761904761905,0.011327272727272727,1.0,17.095238095238095,5.647619047619047
Canterbury,LAWA-102561,M35/6656,-43.46926301,172.5798521,3.227272727272727,0.015600000000000001,1.0,9.022727272727273,0.2631818181818182
Canterbury,LAWA-102562,M35/6935,-43.47789774,172.3868193,2.1041666666666665,0.004821428571428572,1.0,9.445833333333335,0.325
Canterbury,LAWA-102563,M35/7878,-43.2984231,172.5454995,3.2571428571428576,0.006190909090909091,1.0,9.185714285714287,0.3414285714285714
Canterbury,LAWA-102564,M35/8479,-43.35144769,172.3818991,5.572222222222222,0.007144444444444444,3.9444444444444446,12.2,2.001666666666667
Canterbury,LAWA-102565,M35/8744,-43.32334409,172.3572662,7.161538461538461,0.0038699999999999997,1.0,17.184615384615384,4.7615384615384615
Canterbury,LAWA-102566,M35/9594,-43.28465758,172.7200483,3.672222222222222,0.003822222222222222,1.0,11.7,0.322
Canterbury,LAWA-102567,M36/0040,-43.5605816,172.2605524,16.08235294117647,0.002788888888888889,1.3125,21.641176470588235,9.847058823529412
Canterbury,LAWA-102568,M36/0153,-43.63192047,172.4850983,23.990000000000002,0.0026454545454545455,1.85,29.505000000000003,8.809999999999999
Canterbury,LAWA-102569,M36/0297,-43.6198395,172.480641,25.821052631578947,0.0016,1.0,31.042105263157893,10.405263157894737
Canterbury,LAWA-102570,M36/0473,-43.73796773,172.3738821,5.8149999999999995,0.012618181818181818,1.0,12.59,0.48949999999999994
Canterbury,LAWA-102571,M36/0698,-43.81347946,172.2545029,5.935294117647059,0.004055555555555555,1.0,18.129411764705882,3.7294117647058824
Canterbury,LAWA-102572,M36/0712,-43.7987652,172.3604328,4.729411764705882,0.014992,1.0,11.088235294117647,0.759090909090909
Canterbury,LAWA-102573,M36/1225,-43.56451415,172.6144102,12.93888888888889,0.00404,1.0,29.422222222222224,3.441111111111111
Canterbury,LAWA-102574,M36/1448,-43.72682487,172.5647954,7.725,0.04263636363636364,1.0,17.405,0.06935
Canterbury,LAWA-102576,M36/20713,-43.71129142,172.4155504,29.545454545454547,0.00377,1.0,31.327272727272728,4.818181818181818
Canterbury,LAWA-102577,M36/2284,-43.62243769,172.4489007,9.366666666666667,0.012124999999999999,1.0,14.72777777777778,2.148888888888889
Canterbury,LAWA-102578,M36/2679,-43.66110211,172.5320625,7.308695652173912,0.015084615384615384,1.0869565217391304,14.082608695652173,0.5269565217391304
Canterbury,LAWA-102579,M36/2857,-43.64499191,172.4652741,8.51,0.013391666666666668,1.0,13.66,1.361
Canterbury,LAWA-102581,M36/3467,-43.70007506,172.4134621,8.147619047619047,0.01710909090909091,1.0,16.785714285714285,0.6290476190476191
Canterbury,LAWA-102582,M36/3588,-43.66605142,172.3958108,22.104761904761904,0.0019749999999999998,1.4761904761904763,27.18095238095238,7.0
Canterbury,LAWA-102583,M36/3712,-43.68393461,172.505582,7.571428571428571,0.013769230769230768,1.0,14.933333333333334,0.4809523809523809
Canterbury,LAWA-102584,M36/3791,-43.61333673,172.4356285,6.89375,0.011218181818181818,1.0,13.45,1.34875
Canterbury,LAWA-102585,M36/4788,-43.63078837,172.5168427,19.341666666666665,0.004525,1.0,25.65833333333333,4.1125
Canterbury,LAWA-102586,M36/5128,-43.74682098,172.3282501,12.785,0.011463636363636363,1.0,21.405,0.41200000000000003
Canterbury,LAWA-102587,M36/5248,-43.58636078,172.4139361,16.4,0.00545,1.0789473684210527,23.1,6.3875
Canterbury,LAWA-102588,M36/5255,-43.61985761,172.4806657,14.295238095238094,0.008016666666666667,1.380952380952381,18.704761904761906,2.7857142857142856
Canterbury,LAWA-102589,M36/7734,-43.68712052,172.3192957,11.658333333333333,0.004271428571428571,1.0,19.170833333333334,5.304166666666666
Canterbury,LAWA-102590,M36/8187,-43.59929686,172.3145916,14.143902439024389,0.0020363636363636365,1.0,19.807317073170733,8.41219512195122
Canterbury,LAWA-102591,M37/0130,-43.87142725,172.2849585,3.5714285714285716,0.004258333333333334,1.0,11.448275862068966,1.1510714285714285
Canterbury,LAWA-102592,M37/0242,-43.8725759,172.2829419,4.678787878787879,0.0048,1.0,12.06060606060606,1.3060606060606061
Canterbury,LAWA-102593,M37/0287,-43.83484978,172.5448038,5.3538461538461535,0.006509090909090909,1.0,16.426923076923078,0.07676923076923077
Canterbury,LAWA-102594,M37/0463,-43.85714314,172.3286986,3.8,0.00924375,1.0,10.696296296296296,1.452962962962963
Canterbury,LAWA-102595,M37/0499,-43.83965811,172.3122286,13.813333333333333,0.002644444444444444,1.0,25.720000000000002,7.446666666666667
Canterbury,LAWA-102596,N32/0062,-42.71464176,173.0182964,11.192307692307692,0.004520000000000001,2.2,29.200000000000003,10.153846153846153
Canterbury,LAWA-102597,N32/0108,-42.72911277,173.2192425,2.8434782608695657,0.012884615384615385,1.1304347826086956,11.673913043478262,0.63
Canterbury,LAWA-102598,N32/0491,-42.66874255,172.8618762,27.416666666666668,0.027200000000000002,9.555555555555555,40.355555555555554,5.833333333333333
Canterbury,LAWA-102599,N33/0103,-42.79024612,172.8354423,4.144,0.007846153846153846,1.1666666666666667,15.75,4.124
Canterbury,LAWA-102600,N33/0166,-42.74889541,173.2233205,109.05,0.007308333333333333,2.05,72.11,14.01
Canterbury,LAWA-102601,N33/0194,-42.80015125,172.794425,4.079591836734694,0.006136363636363637,1.2040816326530612,18.122448979591837,4.926530612244898
Canterbury,LAWA-102602,N33/0200,-42.75080956,172.9391972,7.804545454545454,0.003881818181818182,1.7619047619047619,35.20454545454545,13.44090909090909
Canterbury,LAWA-102603,N33/0204,-42.77646432,172.9366263,13.571428571428571,0.010981818181818183,1.0,30.33809523809524,0.2497142857142857
Canterbury,LAWA-102604,N33/0205,-42.76505462,172.8891858,4.874117647058823,0.01363529411764706,1.0,29.397435897435898,7.211764705882353
Canterbury,LAWA-102605,N34/0062,-43.1601967,172.7874151,73.14285714285714,0.01725,1.0,55.574285714285715,0.27314285714285713
Canterbury,LAWA-102606,N34/0064,-43.15991679,172.7869611,59.12,0.04606363636363637,1.0,53.448,0.15832000000000002
Canterbury,LAWA-102607,N34/0109,-43.04529802,172.7772799,29.82,0.020142857142857146,1.0,56.878,10.47
Canterbury,LAWA-102608,O31/0107,-42.37312495,173.6349206,3.6639999999999997,0.005614285714285715,1.0,21.215999999999998,0.7386
Canterbury,LAWA-102609,O31/0121,-42.35785289,173.6772677,6.890000000000001,0.014925,1.0,15.865,0.8619999999999999
Canterbury,LAWA-102610,O31/0196,-42.39428336,173.6103039,5.975,0.005754545454545454,1.0,29.23,1.6524999999999999
Canterbury,LAWA-102611,O31/0219,-42.4115036,173.6399079,7.372222222222222,0.00716,1.0,21.5,0.6116666666666667
Canterbury,LAWA-102612,O33/0049,-42.81094968,173.2577063,115.6,0.006709090909090909,1.0909090909090908,64.62444444444444,11.36888888888889
Canterbury,LAWA-102613,O33/0061,-42.81134883,173.2725387,69.10526315789474,0.143,1.0,77.15789473684211,2.328421052631579
Canterbury,LAWA-102614,O33/0078,-42.73891715,173.2807457,3.5571428571428574,0.0015538461538461537,1.1904761904761905,13.666666666666666,0.4795238095238095
Canterbury,LAWA-102615,BY19/0026,-44.07203178,171.331875,6.551351351351352,0.005718181818181818,1.162162162162162,15.427027027027027,4.681891891891891
Canterbury,LAWA-102616,BY21/0199,-43.92289027,171.6927825,20.157142857142855,0.0014857142857142857,1.0,39.885714285714286,19.542857142857144
Canterbury,LAWA-102617,CA19/0055,-44.73634515,171.0866821,24.8,0.02024,1.0,22.94,0.388
Canterbury,LAWA-102619,H39/0048,-44.48943497,170.0076652,2.0588235294117645,0.004618181818181818,1.0,9.652941176470588,1.121764705882353
Canterbury,LAWA-102620,H39/0133,-44.41881843,169.9745304,1.8521739130434782,0.003995238095238095,1.0,11.347826086956522,1.4191304347826088
Canterbury,LAWA-102621,I38/0085,-44.1576258,170.4556266,1.4538461538461538,0.0044809523809523815,1.0,4.951851851851852,0.26692307692307693
Canterbury,LAWA-102622,I39/0007,-44.35385403,170.2596698,1.9473684210526316,0.01283076923076923,1.0,12.126315789473685,1.1757894736842105
Canterbury,LAWA-102623,I40/0543,-44.82340566,170.5690555,3.6625,0.0016583333333333335,1.0,15.987499999999999,0.518125
Canterbury,LAWA-102624,I40/0666,-44.78621824,170.5072547,9.03125,0.010791666666666666,1.0,23.7625,0.9425
Canterbury,LAWA-102625,J37/0031,-44.03789869,170.8277217,4.431578947368421,0.0036636363636363637,1.0,7.978947368421053,2.312105263157895
Canterbury,LAWA-102626,J37/0033,-44.04118631,170.8106276,3.7299999999999995,0.09333333333333334,7.45,13.645,2.48925
Canterbury,LAWA-102627,J38/0045,-44.30308722,171.193096,62.3,0.020708333333333332,12.6,43.285000000000004,5.575
Canterbury,LAWA-102628,J38/0255,-44.32518051,171.2422633,8.336363636363636,0.01206153846153846,1.0,16.84705882352941,3.245454545454545
Canterbury,LAWA-102629,J38/0259,-44.28570716,171.1845475,22.15294117647059,0.016277777777777776,1.0,20.323529411764707,2.011764705882353
Canterbury,LAWA-102630,J38/0889,-44.29415184,171.2428923,5.9,0.0248,1.0,19.64,0.19466666666666665
Canterbury,LAWA-102631,J39/0009,-44.49140212,171.2175319,54.29032258064516,0.026690909090909088,1.0,45.377419354838715,0.07716129032258065
Canterbury,LAWA-102633,J39/0091,-44.53369955,171.1691427,51.86,0.0314,1.0,40.019999999999996,0.072
Canterbury,LAWA-102634,J39/0109,-44.45496574,171.1115106,32.654761904761905,0.012027777777777778,1.4848484848484849,49.6225,4.341666666666667
Canterbury,LAWA-102635,J39/0259,-44.41599762,171.2337715,160.2972972972973,0.06691666666666667,1.0,86.08378378378379,0.08197297297297299
Canterbury,LAWA-102636,J39/0261,-44.4185379,171.2224997,197.71212121212122,0.026554545454545456,1.0,98.99242424242425,3.066666666666667
Canterbury,LAWA-102637,J39/0378,-44.53136448,171.1145479,9.379166666666666,0.00927,1.0833333333333333,19.866666666666667,0.3941666666666667
Canterbury,LAWA-102639,J39/0412,-44.46498834,171.1225597,44.84615384615385,0.00588,1.0,45.06153846153846,0.9253846153846154
Canterbury,LAWA-102640,J39/0532,-44.52716068,171.1909032,203.05882352941177,0.0031222222222222224,1.0,96.13529411764705,0.18764705882352942
Canterbury,LAWA-102641,J39/0555,-44.56985293,171.1464899,62.6,0.017477777777777776,1.0,47.605000000000004,0.042800000000000005
Canterbury,LAWA-102642,J39/0661,-44.6073548,171.1488799,113.57142857142857,0.018228571428571427,1.2857142857142858,65.30714285714285,0.05828571428571429
Canterbury,LAWA-102643,J39/0716,-44.56433025,171.0093763,54.1875,0.0214,1.0,45.15625,0.0500625
Canterbury,LAWA-102644,J40/0011,-44.72678748,171.1253253,44.795918367346935,0.017522222222222224,1.0217391304347827,31.76938775510204,0.613265306122449
Canterbury,LAWA-102645,J40/0019,-44.69725111,171.0263762,19.165,0.5700000000000001,1.0,23.39,0.07495
Canterbury,LAWA-102647,J40/0053,-44.83853209,171.1029493,11.6,0.004245454545454545,1.0,24.594736842105263,7.605263157894737
Canterbury,LAWA-102648,J40/0080,-44.72872421,171.0698826,32.328125,0.006466666666666667,85.01724137931035,32.123333333333335,11.2109375
Canterbury,LAWA-102649,J40/0081,-44.68364305,171.0972821,11.265,0.010858333333333333,1.15,13.37,1.9575
Canterbury,LAWA-102650,J40/0085,-44.66390184,171.1386,38.625,0.012845454545454547,1.0,30.0,0.3403125
Canterbury,LAWA-102651,J40/0106,-44.87129777,171.1360916,6.6805970149253735,0.003016666666666667,1.098360655737705,17.180952380952384,4.123880597014925
Canterbury,LAWA-102652,J40/0118,-44.84238561,171.1459293,8.275,0.002225,1.25,20.07,4.285
Canterbury,LAWA-102653,J40/0620,-44.8617655,170.8778052,23.476190476190474,0.00336,1.0,30.642857142857142,0.2122857142857143
Canterbury,LAWA-102654,J40/0632,-44.71347007,171.0230619,26.333333333333332,0.5585714285714286,1.0,28.733333333333334,0.07100000000000001
Canterbury,LAWA-102655,J40/0869,-44.86911915,171.078035,19.36470588235294,0.0027300000000000002,7.823529411764706,37.817647058823525,9.547058823529412
Canterbury,LAWA-102656,J40/0995,-44.63402277,171.1561089,15.422727272727274,0.032363636363636365,1.0,18.71818181818182,0.1496818181818182
Canterbury,LAWA-102657,J41/0004,-44.88977799,171.0409758,13.60576923076923,0.002581818181818182,97.76,24.715384615384615,1.3086538461538462
Canterbury,LAWA-102658,K37/0130,-44.03866337,171.3033158,7.340000000000001,0.006658333333333333,23.369565217391305,14.895,5.1039130434782605
Canterbury,LAWA-102659,K37/0243,-44.00613244,171.5005065,6.4386363636363635,0.004116666666666667,1.8636363636363635,19.804545454545455,8.06590909090909
Canterbury,LAWA-102660,K37/0266,-43.92021789,171.5207839,6.038095238095238,0.0030545454545454543,1.2,14.038095238095238,2.434285714285714
Canterbury,LAWA-102661,K37/0493,-43.96284694,171.3175882,4.209090909090909,0.00515,1.0,15.818181818181818,4.8500000000000005
Canterbury,LAWA-102662,K37/0619,-44.03827199,171.7350338,10.69047619047619,0.007116666666666667,1.0,16.895238095238096,3.4142857142857146
Canterbury,LAWA-102663,K37/0689,-43.84250862,171.5212289,5.446153846153846,0.0104625,1.0,13.123076923076923,4.815384615384615
Canterbury,LAWA-102665,K37/2036,-44.01145031,171.517824,8.26923076923077,0.0036857142857142857,1.4375,22.509090909090908,9.685185185185185
Canterbury,LAWA-102666,K37/2303,-43.95803254,171.6518254,12.973333333333333,0.0027,1.0,22.473333333333336,9.639999999999999
Canterbury,LAWA-102667,K37/2314,-44.03823759,171.6836936,33.666666666666664,0.00156,27.46153846153846,57.60666666666667,9.066666666666666
Canterbury,LAWA-102668,K37/2438,-43.89923335,171.3952441,8.353846153846153,0.0064375000000000005,2.25,24.307692307692307,10.600000000000001
Canterbury,LAWA-102669,K37/2439,-44.0142327,171.5363037,7.31,0.0063166666666666675,1.0,17.39,4.220000000000001
Canterbury,LAWA-102670,K37/2479,-43.85551789,171.316273,6.3933333333333335,0.0020909090909090908,1.0,23.133333333333333,7.72
Canterbury,LAWA-102671,K37/2871,-43.95977781,171.6517366,6.253333333333333,0.014790000000000001,1.0,11.933333333333334,2.68
Canterbury,LAWA-102672,K38/0105,-44.23336953,171.3998557,11.58,0.008218181818181817,1.1363636363636365,20.204347826086956,0.14766666666666667
Canterbury,LAWA-102673,K38/0406,-44.24344014,171.3087015,9.284210526315789,0.004581818181818182,1.0526315789473684,17.42105263157895,1.9063157894736842
Canterbury,LAWA-102674,K38/0407,-44.19263015,171.2821041,3.9578947368421056,0.008069999999999999,1.2105263157894737,9.947368421052632,1.5663157894736843
Canterbury,LAWA-102675,K38/0408,-44.1192511,171.278875,2.1020833333333333,0.0036727272727272724,1.1555555555555554,7.7562500000000005,0.6679166666666667
Canterbury,LAWA-102676,K38/0459,-44.16726976,171.3861549,7.775,0.0077,1.0,14.44375,4.23125
Canterbury,LAWA-102677,K38/0690,-44.22544028,171.4038722,6.152380952380952,0.014836363636363637,1.0,13.157142857142858,1.2719047619047619
Canterbury,LAWA-102678,K38/1712,-44.26993159,171.3417936,46.54545454545455,0.0265,1.0,39.475,0.26
Canterbury,LAWA-102679,K38/1774,-44.12761824,171.5306882,8.721052631578948,0.008749999999999999,1.0,17.126315789473683,5.1684210526315795
Canterbury,LAWA-102681,K38/1807,-44.12136374,171.5881712,9.413333333333332,0.00545,1.0714285714285714,19.086666666666666,4.6866666666666665
Canterbury,LAWA-102682,K38/2316,-44.27203586,171.2555667,5.074074074074074,0.005763636363636363,1.0,10.903571428571428,1.662962962962963
Canterbury,LAWA-102683,K39/0006,-44.3471371,171.2491683,45.85,0.015141666666666666,1.0,31.35,3.1
Canterbury,LAWA-102684,K39/0258,-44.34914783,171.2631717,126.42857142857143,0.0317,1.0,63.7,1.2876190476190477
Canterbury,LAWA-103380,BZ20/0009,-44.13924513,171.4753773,7.8,0.004966666666666667,2.727272727272727,16.827272727272728,3.789090909090909
Canterbury,LAWA-103381,J37/0068,-43.98847988,170.8428447,9.414285714285715,0.004,1.0,20.714285714285715,10.157142857142857
Canterbury,LAWA-103382,J37/0089,-43.99676317,170.8164929,8.985714285714286,0.026433333333333333,1.5714285714285714,16.157142857142855,4.402857142857143
Canterbury,LAWA-103383,J37/0164,-44.0285864,170.7985952,7.271428571428571,0.0010666666666666667,23.142857142857142,17.1,7.685714285714285
Canterbury,LAWA-103384,J38/0098,-44.2642731,171.1538186,14.126666666666667,0.01495,10.0,29.12,7.386666666666667
Canterbury,LAWA-103385,J38/0299,-44.1139157,170.8600609,16.2,0.0086,5.0,29.349999999999998,12.0
Canterbury,LAWA-103386,K38/0015,-44.15805799,171.4022195,12.8375,0.0043,1.0,30.8875,14.8125
Canterbury,LAWA-103387,K38/0146,-44.10411318,171.3612876,11.09,0.003833333333333333,3.2,25.85,9.8
Canterbury,LAWA-103388,CB18/5051,-44.87130038,170.9419595,18.22222222222222,0.0057,162.125,31.77777777777778,10.755555555555555
Canterbury,LAWA-103389,L37/1578,-43.9051202,172.1167082,22.666666666666668,0.002033333333333333,8.666666666666666,36.03333333333333,15.833333333333334
Canterbury,LAWA-103390,M36/7568,-43.73271267,172.5708478,16.833333333333332,0.10566666666666667,1.0,26.566666666666666,0.0026666666666666666
Canterbury,LAWA-103523,BX23/0874,-43.5702686,172.4953843,5.1,0.0135,1.0,13.2,0.55
Canterbury,LAWA-103524,BX23/1078,-43.4619063,172.434639,6.7,0.0089,1.0,12.3,0.2015
Canterbury,LAWA-103525,BY20/0253,-44.03982171,171.4424772,10.2,0.0019,1.0,30.55,12.9
Canterbury,LAWA-103526,BZ20/0088,-44.11478243,171.5697889,14.2,0.001,2.0,26.0,10.4
Canterbury,LAWA-103529,BZ19/0223,-44.31254083,171.2935424,40.345454545454544,0.013425000000000001,221.0909090909091,43.67272727272727,8.945454545454545
Canterbury,LAWA-103530,BZ19/0275,-44.28990615,171.2278437,14.355555555555554,0.017033333333333334,3.5555555555555554,25.51111111111111,7.866666666666666
Canterbury,LAWA-103531,BZ20/0087,-44.1724499,171.3747437,9.7,0.001,1.0,21.4,6.7
Canterbury,LAWA-103532,K38/0437,-44.31948766,171.2681979,15.683333333333332,0.00736,1.0,24.96666666666667,8.9
Canterbury,LAWA-103533,K38/2435,-44.27789051,171.2822652,4.95,0.006166666666666667,1.0,11.05,1.764
Canterbury,LAWA-103535,M36/1045,-43.54842431,172.6833858,8.176190476190476,0.005476923076923077,1.0,20.76666666666667,1.6104761904761904
